[{"model": "auth.permission", "pk": 1, "fields": {"name": "Can add permission", "content_type": 1, "codename": "add_permission"}}, {"model": "auth.permission", "pk": 2, "fields": {"name": "Can change permission", "content_type": 1, "codename": "change_permission"}}, {"model": "auth.permission", "pk": 3, "fields": {"name": "Can delete permission", "content_type": 1, "codename": "delete_permission"}}, {"model": "auth.permission", "pk": 4, "fields": {"name": "Can view permission", "content_type": 1, "codename": "view_permission"}}, {"model": "auth.permission", "pk": 5, "fields": {"name": "Can add group", "content_type": 2, "codename": "add_group"}}, {"model": "auth.permission", "pk": 6, "fields": {"name": "Can change group", "content_type": 2, "codename": "change_group"}}, {"model": "auth.permission", "pk": 7, "fields": {"name": "Can delete group", "content_type": 2, "codename": "delete_group"}}, {"model": "auth.permission", "pk": 8, "fields": {"name": "Can view group", "content_type": 2, "codename": "view_group"}}, {"model": "auth.permission", "pk": 9, "fields": {"name": "Can add user", "content_type": 3, "codename": "add_user"}}, {"model": "auth.permission", "pk": 10, "fields": {"name": "Can change user", "content_type": 3, "codename": "change_user"}}, {"model": "auth.permission", "pk": 11, "fields": {"name": "Can delete user", "content_type": 3, "codename": "delete_user"}}, {"model": "auth.permission", "pk": 12, "fields": {"name": "Can view user", "content_type": 3, "codename": "view_user"}}, {"model": "auth.permission", "pk": 13, "fields": {"name": "Can add city", "content_type": 4, "codename": "add_city"}}, {"model": "auth.permission", "pk": 14, "fields": {"name": "Can change city", "content_type": 4, "codename": "change_city"}}, {"model": "auth.permission", "pk": 15, "fields": {"name": "Can delete city", "content_type": 4, "codename": "delete_city"}}, {"model": "auth.permission", "pk": 16, "fields": {"name": "Can view city", "content_type": 4, "codename": "view_city"}}, {"model": "auth.permission", "pk": 17, "fields": {"name": "Can add profession", "content_type": 5, "codename": "add_profession"}}, {"model": "auth.permission", "pk": 18, "fields": {"name": "Can change profession", "content_type": 5, "codename": "change_profession"}}, {"model": "auth.permission", "pk": 19, "fields": {"name": "Can delete profession", "content_type": 5, "codename": "delete_profession"}}, {"model": "auth.permission", "pk": 20, "fields": {"name": "Can view profession", "content_type": 5, "codename": "view_profession"}}, {"model": "auth.permission", "pk": 21, "fields": {"name": "Can add Пользователь", "content_type": 6, "codename": "add_user"}}, {"model": "auth.permission", "pk": 22, "fields": {"name": "Can change Пользователь", "content_type": 6, "codename": "change_user"}}, {"model": "auth.permission", "pk": 23, "fields": {"name": "Can delete Пользователь", "content_type": 6, "codename": "delete_user"}}, {"model": "auth.permission", "pk": 24, "fields": {"name": "Can view Пользователь", "content_type": 6, "codename": "view_user"}}, {"model": "auth.permission", "pk": 25, "fields": {"name": "Can add question", "content_type": 7, "codename": "add_question"}}, {"model": "auth.permission", "pk": 26, "fields": {"name": "Can change question", "content_type": 7, "codename": "change_question"}}, {"model": "auth.permission", "pk": 27, "fields": {"name": "Can delete question", "content_type": 7, "codename": "delete_question"}}, {"model": "auth.permission", "pk": 28, "fields": {"name": "Can view question", "content_type": 7, "codename": "view_question"}}, {"model": "auth.permission", "pk": 29, "fields": {"name": "Can add profession to user", "content_type": 8, "codename": "add_professiontouser"}}, {"model": "auth.permission", "pk": 30, "fields": {"name": "Can change profession to user", "content_type": 8, "codename": "change_professiontouser"}}, {"model": "auth.permission", "pk": 31, "fields": {"name": "Can delete profession to user", "content_type": 8, "codename": "delete_professiontouser"}}, {"model": "auth.permission", "pk": 32, "fields": {"name": "Can view profession to user", "content_type": 8, "codename": "view_professiontouser"}}, {"model": "auth.permission", "pk": 33, "fields": {"name": "Can add log entry", "content_type": 9, "codename": "add_logentry"}}, {"model": "auth.permission", "pk": 34, "fields": {"name": "Can change log entry", "content_type": 9, "codename": "change_logentry"}}, {"model": "auth.permission", "pk": 35, "fields": {"name": "Can delete log entry", "content_type": 9, "codename": "delete_logentry"}}, {"model": "auth.permission", "pk": 36, "fields": {"name": "Can view log entry", "content_type": 9, "codename": "view_logentry"}}, {"model": "auth.permission", "pk": 37, "fields": {"name": "Can add content type", "content_type": 10, "codename": "add_contenttype"}}, {"model": "auth.permission", "pk": 38, "fields": {"name": "Can change content type", "content_type": 10, "codename": "change_contenttype"}}, {"model": "auth.permission", "pk": 39, "fields": {"name": "Can delete content type", "content_type": 10, "codename": "delete_contenttype"}}, {"model": "auth.permission", "pk": 40, "fields": {"name": "Can view content type", "content_type": 10, "codename": "view_contenttype"}}, {"model": "auth.permission", "pk": 41, "fields": {"name": "Can add session", "content_type": 11, "codename": "add_session"}}, {"model": "auth.permission", "pk": 42, "fields": {"name": "Can change session", "content_type": 11, "codename": "change_session"}}, {"model": "auth.permission", "pk": 43, "fields": {"name": "Can delete session", "content_type": 11, "codename": "delete_session"}}, {"model": "auth.permission", "pk": 44, "fields": {"name": "Can view session", "content_type": 11, "codename": "view_session"}}, {"model": "auth.permission", "pk": 45, "fields": {"name": "Can add profession to question", "content_type": 12, "codename": "add_professiontoquestion"}}, {"model": "auth.permission", "pk": 46, "fields": {"name": "Can change profession to question", "content_type": 12, "codename": "change_professiontoquestion"}}, {"model": "auth.permission", "pk": 47, "fields": {"name": "Can delete profession to question", "content_type": 12, "codename": "delete_professiontoquestion"}}, {"model": "auth.permission", "pk": 48, "fields": {"name": "Can view profession to question", "content_type": 12, "codename": "view_professiontoquestion"}}, {"model": "auth.permission", "pk": 49, "fields": {"name": "Can add chat to question", "content_type": 13, "codename": "add_chattoquestion"}}, {"model": "auth.permission", "pk": 50, "fields": {"name": "Can change chat to question", "content_type": 13, "codename": "change_chattoquestion"}}, {"model": "auth.permission", "pk": 51, "fields": {"name": "Can delete chat to question", "content_type": 13, "codename": "delete_chattoquestion"}}, {"model": "auth.permission", "pk": 52, "fields": {"name": "Can view chat to question", "content_type": 13, "codename": "view_chattoquestion"}}, {"model": "auth.user", "pk": 2, "fields": {"password": "pbkdf2_sha256$320000$bNSmoF3SbMLDqn5qfMhLgZ$9zTQvEM6ZIpfqRkpt3DPp9DP/62VsWnVM1WEw5ZNHiI=", "last_login": "2022-02-28T19:00:33.579Z", "is_superuser": true, "username": "admin2", "first_name": "", "last_name": "", "email": "", "is_staff": true, "is_active": true, "date_joined": "2022-02-28T17:37:24.457Z", "groups": [], "user_permissions": []}}, {"model": "bot.profession", "pk": "Pediatr", "fields": {"title": "Педиатр", "position": 0}}, {"model": "bot.profession", "pk": "derma", "fields": {"title": "Дерматолог", "position": 0}}, {"model": "bot.profession", "pk": "endocrino", "fields": {"title": "Эндокринолог", "position": 0}}, {"model": "bot.profession", "pk": "family", "fields": {"title": "Терапевт/Семейный врач", "position": 0}}, {"model": "bot.profession", "pk": "gastro", "fields": {"title": "Гастроэнтеролог", "position": 0}}, {"model": "bot.profession", "pk": "gineko", "fields": {"title": "Акушер-гинеколог", "position": 0}}, {"model": "bot.profession", "pk": "hir", "fields": {"title": "Хирург", "position": 0}}, {"model": "bot.profession", "pk": "infectio", "fields": {"title": "Инфекционист", "position": 0}}, {"model": "bot.profession", "pk": "lor", "fields": {"title": "Лор", "position": 0}}, {"model": "bot.profession", "pk": "nevro", "fields": {"title": "Невролог", "position": 0}}, {"model": "bot.profession", "pk": "oftalmo", "fields": {"title": "Офтальмолог", "position": 0}}, {"model": "bot.profession", "pk": "onco", "fields": {"title": "Онколог", "position": 0}}, {"model": "bot.profession", "pk": "procto", "fields": {"title": "Проктолог", "position": 0}}, {"model": "bot.profession", "pk": "psih", "fields": {"title": "Психотерапевт/Психиатр", "position": 0}}, {"model": "bot.profession", "pk": "stomato", "fields": {"title": "Стоматолог/Ортодонт", "position": 0}}, {"model": "bot.profession", "pk": "travm", "fields": {"title": "Травматолог", "position": 0}}, {"model": "bot.profession", "pk": "uro", "fields": {"title": "Уролог", "position": 0}}, {"model": "bot.user", "pk": 366276154, "fields": {"username": null, "fullname": "Roman Rosso", "profession": "pat", "city": null, "create_date": "2022-02-28T21:00:51.645Z"}}, {"model": "bot.user", "pk": 423191173, "fields": {"username": "oks_muse", "fullname": "Оксана D.", "profession": "med", "city": null, "create_date": "2022-03-01T07:38:10.469Z"}}, {"model": "bot.user", "pk": 506563771, "fields": {"username": "sidqdev", "fullname": "Дмитрий", "profession": "med", "city": null, "create_date": "2022-02-28T20:21:27.774Z"}}, {"model": "bot.user", "pk": 560399754, "fields": {"username": "depozzyx", "fullname": "Ваня", "profession": null, "city": null, "create_date": "2022-02-28T17:39:01.419Z"}}, {"model": "bot.user", "pk": 791388920, "fields": {"username": null, "fullname": "Наталия", "profession": "med", "city": null, "create_date": "2022-03-01T07:23:13.187Z"}}, {"model": "bot.user", "pk": 888376695, "fields": {"username": null, "fullname": "Юля Юлия", "profession": "pat", "city": null, "create_date": "2022-03-01T05:04:00.263Z"}}, {"model": "bot.user", "pk": 1749065339, "fields": {"username": "Feanorfs", "fullname": "Roman", "profession": null, "city": null, "create_date": "2022-02-28T18:35:37.049Z"}}, {"model": "bot.professiontouser", "pk": 44, "fields": {"profession": "nevro", "user": 506563771}}, {"model": "bot.professiontouser", "pk": 45, "fields": {"profession": "gastro", "user": 506563771}}, {"model": "bot.professiontouser", "pk": 46, "fields": {"profession": "procto", "user": 506563771}}, {"model": "bot.professiontouser", "pk": 47, "fields": {"profession": "travm", "user": 506563771}}, {"model": "bot.professiontouser", "pk": 48, "fields": {"profession": "derma", "user": 366276154}}, {"model": "bot.professiontouser", "pk": 49, "fields": {"profession": "infectio", "user": 423191173}}, {"model": "bot.question", "pk": 1, "fields": {"user": 560399754, "closed": false, "create_date": "2022-02-28T19:17:58.329Z", "question": "вопр", "response_count": 1}}, {"model": "bot.question", "pk": 2, "fields": {"user": 506563771, "closed": false, "create_date": "2022-02-28T20:21:28.906Z", "question": "", "response_count": 0}}, {"model": "bot.question", "pk": 3, "fields": {"user": 506563771, "closed": false, "create_date": "2022-02-28T20:22:06.009Z", "question": "", "response_count": 0}}, {"model": "bot.question", "pk": 4, "fields": {"user": 506563771, "closed": false, "create_date": "2022-02-28T20:24:09.339Z", "question": "", "response_count": 0}}, {"model": "bot.question", "pk": 5, "fields": {"user": 366276154, "closed": false, "create_date": "2022-02-28T21:21:33.907Z", "question": "", "response_count": 0}}, {"model": "bot.question", "pk": 6, "fields": {"user": 366276154, "closed": false, "create_date": "2022-02-28T21:21:50.931Z", "question": "", "response_count": 0}}, {"model": "bot.question", "pk": 7, "fields": {"user": 888376695, "closed": false, "create_date": "2022-03-01T05:04:05.041Z", "question": "", "response_count": 0}}, {"model": "bot.question", "pk": 8, "fields": {"user": 366276154, "closed": false, "create_date": "2022-03-01T05:54:45.761Z", "question": "", "response_count": 0}}, {"model": "bot.professiontoquestion", "pk": 1, "fields": {"profession": "uro", "question": 1}}, {"model": "bot.professiontoquestion", "pk": 2, "fields": {"profession": "travm", "question": 1}}, {"model": "bot.chattoquestion", "pk": 1, "fields": {"chat_id": 1, "message_id": 2, "question": 3}}, {"model": "admin.logentry", "pk": 4, "fields": {"action_time": "2022-02-28T17:56:45.077Z", "user": 2, "content_type": 5, "object_id": "psih", "object_repr": "Проффесия(psih Психотерапевт/Психиатр)", "action_flag": 1, "change_message": "[{\"added\": {}}]"}}, {"model": "admin.logentry", "pk": 5, "fields": {"action_time": "2022-02-28T17:56:58.056Z", "user": 2, "content_type": 5, "object_id": "uro", "object_repr": "Проффесия(uro Уролог)", "action_flag": 1, "change_message": "[{\"added\": {}}]"}}, {"model": "admin.logentry", "pk": 6, "fields": {"action_time": "2022-02-28T17:57:15.916Z", "user": 2, "content_type": 5, "object_id": "family", "object_repr": "Проффесия(family Семейный врач)", "action_flag": 1, "change_message": "[{\"added\": {}}]"}}, {"model": "admin.logentry", "pk": 7, "fields": {"action_time": "2022-02-28T17:57:38.262Z", "user": 2, "content_type": 5, "object_id": "derma", "object_repr": "Проффесия(derma Дерматолог)", "action_flag": 1, "change_message": "[{\"added\": {}}]"}}, {"model": "admin.logentry", "pk": 8, "fields": {"action_time": "2022-02-28T17:57:51.606Z", "user": 2, "content_type": 5, "object_id": "oftalmo", "object_repr": "Проффесия(oftalmo Офтальмолог)", "action_flag": 1, "change_message": "[{\"added\": {}}]"}}, {"model": "admin.logentry", "pk": 9, "fields": {"action_time": "2022-02-28T17:58:09.804Z", "user": 2, "content_type": 5, "object_id": "gineko", "object_repr": "Проффесия(gineko Акушер-гинеколог)", "action_flag": 1, "change_message": "[{\"added\": {}}]"}}, {"model": "admin.logentry", "pk": 10, "fields": {"action_time": "2022-02-28T17:58:28.715Z", "user": 2, "content_type": 5, "object_id": "endocrino", "object_repr": "Проффесия(endocrino Эндокринолог)", "action_flag": 1, "change_message": "[{\"added\": {}}]"}}, {"model": "admin.logentry", "pk": 11, "fields": {"action_time": "2022-02-28T17:58:44.476Z", "user": 2, "content_type": 5, "object_id": "infectio", "object_repr": "Проффесия(infectio Инфекционист)", "action_flag": 1, "change_message": "[{\"added\": {}}]"}}, {"model": "admin.logentry", "pk": 12, "fields": {"action_time": "2022-02-28T17:59:25.784Z", "user": 2, "content_type": 5, "object_id": "Pediatr", "object_repr": "Проффесия(Pediatr Педиатр)", "action_flag": 1, "change_message": "[{\"added\": {}}]"}}, {"model": "admin.logentry", "pk": 13, "fields": {"action_time": "2022-02-28T17:59:32.765Z", "user": 2, "content_type": 5, "object_id": "lor", "object_repr": "Проффесия(lor Лор)", "action_flag": 1, "change_message": "[{\"added\": {}}]"}}, {"model": "admin.logentry", "pk": 14, "fields": {"action_time": "2022-02-28T17:59:43.458Z", "user": 2, "content_type": 5, "object_id": "stomato", "object_repr": "Проффесия(stomato Стоматолог)", "action_flag": 1, "change_message": "[{\"added\": {}}]"}}, {"model": "admin.logentry", "pk": 15, "fields": {"action_time": "2022-02-28T17:59:58.528Z", "user": 2, "content_type": 5, "object_id": "onco", "object_repr": "Проффесия(onco Онколог)", "action_flag": 1, "change_message": "[{\"added\": {}}]"}}, {"model": "admin.logentry", "pk": 16, "fields": {"action_time": "2022-02-28T18:00:26.535Z", "user": 2, "content_type": 5, "object_id": "procto", "object_repr": "Проффесия(procto Проктолог)", "action_flag": 1, "change_message": "[{\"added\": {}}]"}}, {"model": "admin.logentry", "pk": 17, "fields": {"action_time": "2022-02-28T18:00:38.649Z", "user": 2, "content_type": 5, "object_id": "stomato", "object_repr": "Проффесия(stomato Стоматолог/Ортодонт)", "action_flag": 2, "change_message": "[{\"changed\": {\"fields\": [\"\\u041d\\u0430\\u0437\\u0432\\u0430\\u043d\\u0438\\u0435\"]}}]"}}, {"model": "admin.logentry", "pk": 18, "fields": {"action_time": "2022-02-28T18:00:52.989Z", "user": 2, "content_type": 5, "object_id": "sem", "object_repr": "Проффесия(sem Семейный)", "action_flag": 3, "change_message": ""}}, {"model": "admin.logentry", "pk": 19, "fields": {"action_time": "2022-02-28T18:02:48.117Z", "user": 2, "content_type": 5, "object_id": "travm", "object_repr": "Проффесия(travm Травматолог)", "action_flag": 1, "change_message": "[{\"added\": {}}]"}}, {"model": "admin.logentry", "pk": 20, "fields": {"action_time": "2022-02-28T18:21:00.735Z", "user": 2, "content_type": 5, "object_id": "family", "object_repr": "Проффесия(family Терапевт/Семейный врач)", "action_flag": 2, "change_message": "[{\"changed\": {\"fields\": [\"\\u041d\\u0430\\u0437\\u0432\\u0430\\u043d\\u0438\\u0435\"]}}]"}}, {"model": "admin.logentry", "pk": 21, "fields": {"action_time": "2022-02-28T18:21:39.117Z", "user": 2, "content_type": 5, "object_id": "gastro", "object_repr": "Проффесия(gastro Гастроэнтеролог)", "action_flag": 1, "change_message": "[{\"added\": {}}]"}}, {"model": "admin.logentry", "pk": 22, "fields": {"action_time": "2022-02-28T18:23:32.085Z", "user": 2, "content_type": 5, "object_id": "nevro", "object_repr": "Проффесия(nevro Невролог)", "action_flag": 1, "change_message": "[{\"added\": {}}]"}}, {"model": "admin.logentry", "pk": 23, "fields": {"action_time": "2022-02-28T19:17:58.331Z", "user": 2, "content_type": 7, "object_id": "1", "object_repr": "Question object (1)", "action_flag": 1, "change_message": "[{\"added\": {}}]"}}, {"model": "admin.logentry", "pk": 24, "fields": {"action_time": "2022-02-28T19:18:00.447Z", "user": 2, "content_type": 12, "object_id": "1", "object_repr": "ProfessionToQuestion object (1)", "action_flag": 1, "change_message": "[{\"added\": {}}]"}}, {"model": "admin.logentry", "pk": 25, "fields": {"action_time": "2022-02-28T19:18:30.358Z", "user": 2, "content_type": 12, "object_id": "1", "object_repr": "ProfessionToQuestion object (1)", "action_flag": 2, "change_message": "[]"}}, {"model": "admin.logentry", "pk": 26, "fields": {"action_time": "2022-02-28T19:18:47.406Z", "user": 2, "content_type": 12, "object_id": "2", "object_repr": "ProfessionToQuestion object (2)", "action_flag": 1, "change_message": "[{\"added\": {}}]"}}, {"model": "admin.logentry", "pk": 27, "fields": {"action_time": "2022-02-28T20:16:39.025Z", "user": 2, "content_type": 6, "object_id": "506563771", "object_repr": "Пользователь(506563771 Дмитрий)", "action_flag": 3, "change_message": ""}}, {"model": "contenttypes.contenttype", "pk": 1, "fields": {"app_label": "auth", "model": "permission"}}, {"model": "contenttypes.contenttype", "pk": 2, "fields": {"app_label": "auth", "model": "group"}}, {"model": "contenttypes.contenttype", "pk": 3, "fields": {"app_label": "auth", "model": "user"}}, {"model": "contenttypes.contenttype", "pk": 4, "fields": {"app_label": "bot", "model": "city"}}, {"model": "contenttypes.contenttype", "pk": 5, "fields": {"app_label": "bot", "model": "profession"}}, {"model": "contenttypes.contenttype", "pk": 6, "fields": {"app_label": "bot", "model": "user"}}, {"model": "contenttypes.contenttype", "pk": 7, "fields": {"app_label": "bot", "model": "question"}}, {"model": "contenttypes.contenttype", "pk": 8, "fields": {"app_label": "bot", "model": "professiontouser"}}, {"model": "contenttypes.contenttype", "pk": 9, "fields": {"app_label": "admin", "model": "logentry"}}, {"model": "contenttypes.contenttype", "pk": 10, "fields": {"app_label": "contenttypes", "model": "contenttype"}}, {"model": "contenttypes.contenttype", "pk": 11, "fields": {"app_label": "sessions", "model": "session"}}, {"model": "contenttypes.contenttype", "pk": 12, "fields": {"app_label": "bot", "model": "professiontoquestion"}}, {"model": "contenttypes.contenttype", "pk": 13, "fields": {"app_label": "bot", "model": "chattoquestion"}}, {"model": "sessions.session", "pk": "m1fnveidf8m5i9dw7z6sfekdifs1w7la", "fields": {"session_data": ".eJxVjDsOwyAQBe9CHSGMvXxSpvcZLHYXgpMIJGNXUe4eIblI2jcz7y2WcOx5OVrclpXFVWhx-d0w0DOWDvgRyr1KqmXfVpRdkSdtcq4cX7fT_TvIoeVeJ4LEnpNFDOCDp2SdNQgWDGky3gP5YTCJ7KSQnSNOqEcFoNSEMIrPFxNtOE4:1nOk1W:SKA1zW8cxcDdYJP5IyL4N1aTaUUAqtSjwd-7HHkPdDs", "expire_date": "2022-03-14T17:41:26.265Z"}}, {"model": "sessions.session", "pk": "p8u6919q9g23sblbj21p92ieh81ckzkw", "fields": {"session_data": ".eJxVjDsOwyAQBe9CHSGMvXxSpvcZLHYXgpMIJGNXUe4eIblI2jcz7y2WcOx5OVrclpXFVWhx-d0w0DOWDvgRyr1KqmXfVpRdkSdtcq4cX7fT_TvIoeVeJ4LEnpNFDOCDp2SdNQgWDGky3gP5YTCJ7KSQnSNOqEcFoNSEMIrPFxNtOE4:1nOjy9:0NGhmy1eSriPVxyUSuUcJigldu_bYrmB0ADpu4-QYE8", "expire_date": "2022-03-14T17:37:57.332Z"}}, {"model": "sessions.session", "pk": "u7x5omkmp6p5ga0xz8r0o64ru4vfl0ns", "fields": {"session_data": ".eJxVjDsOwyAQBe9CHSGMvXxSpvcZLHYXgpMIJGNXUe4eIblI2jcz7y2WcOx5OVrclpXFVWhx-d0w0DOWDvgRyr1KqmXfVpRdkSdtcq4cX7fT_TvIoeVeJ4LEnpNFDOCDp2SdNQgWDGky3gP5YTCJ7KSQnSNOqEcFoNSEMIrPFxNtOE4:1nOlG5:MiAdPkosFqoWEXieQ1DD6p7yzZ9hiycpA_BCZ8weufE", "expire_date": "2022-03-14T19:00:33.584Z"}}]